[
  {
    "Type": "Text",
    "X": 10.0,
    "Y": 10.0
  },
  {
    "Type": "Scoreboard",
    "X": 139.0,
    "Y": 42.0,
    "Rect": false,
    "Background-B": 0,
    "Background-Alpha": 95,
    "Background-G": 0,
    "Text-G": 255,
    "NoPoints": false,
    "Rect-Color": "Custom",
    "Text-B": 255,
    "Font": {
      "fontName": "Minecraft Font",
      "fontSize": -1
    },
    "Rect-B": 255,
    "Background-R": 0,
    "ServerIp": "ClientName",
    "Text-R": 255,
    "Rect-Alpha": 255,
    "Rect-R": 0,
    "Rect-G": 111,
    "Shadow": false
  },
  {
    "Type": "KeyBinds",
    "X": 11.0,
    "Y": 128.0
  },
  {
    "Type": "Arraylist",
    "X": 12.0,
    "Y": 9.0,
    "TagsStyle": "()",
    "HorizontalAnimation": "Astolfo",
    "Rect-Right": "Right",
    "TextHeight": 11.0,
    "Space": 0.0,
    "Saturation": 0.9,
    "Background-R": 0,
    "Color": "Mixer",
    "TextY": 1.0,
    "Background-B": 0,
    "Green": 111,
    "NameBreak": true,
    "Background-Alpha": 0,
    "Case": "None",
    "TagsArrayColor": false,
    "Mixer-Seconds": 2,
    "Tags": true,
    "Red": 0,
    "Background-G": 0,
    "Blue": 255,
    "Brightness": 1.0,
    "Animation-Speed": 0.5978125,
    "VerticalAnimation": "Slide",
    "Alpha": 255,
    "Mixer-Distance": 20
  },
  {
    "Type": "Session Info",
    "X": 9.0,
    "Y": 26.0
  },
  {
    "Type": "Armor",
    "X": -106.0,
    "Y": 57.0
  }
]
