[
  {
    "Type": "Text",
    "X": 10.0,
    "Y": 10.0,
    "Scale": 1.0,
    "HorizontalFacing": "Left",
    "VerticalFacing": "Up"
  },
  {
    "Type": "Session Info",
    "X": 9.0,
    "Y": 26.0,
    "Scale": 1.0,
    "HorizontalFacing": "Left",
    "VerticalFacing": "Up",
    "Font": {
      "fontName": "Minecraft Font",
      "fontSize": -1
    }
  },
  {
    "Type": "Scoreboard",
    "X": 139.0,
    "Y": 42.0,
    "Scale": 1.0,
    "HorizontalFacing": "Right",
    "VerticalFacing": "Middle",
    "Text-R": 255,
    "Text-G": 255,
    "Text-B": 255,
    "Background-R": 0,
    "Background-G": 0,
    "Background-B": 0,
    "Background-Alpha": 95,
    "Rect": false,
    "Rect-Color": "Custom",
    "Rect-R": 0,
    "Rect-G": 111,
    "Rect-B": 255,
    "Rect-Alpha": 255,
    "Shadow": false,
    "ServerIp": "ClientName",
    "NoPoints": false,
    "Font": {
      "fontName": "Minecraft Font",
      "fontSize": -1
    }
  },
  {
    "Type": "KeyBinds",
    "X": 11.0,
    "Y": 128.0,
    "Scale": 1.0,
    "HorizontalFacing": "Left",
    "VerticalFacing": "Up"
  },
  {
    "Type": "Arraylist",
    "X": 12.0,
    "Y": 11.0,
    "Scale": 1.0,
    "HorizontalFacing": "Right",
    "VerticalFacing": "Up",
    "Color": "Mixer",
    "Blur": true,
    "Blur-Strength": 8.347826,
    "ShadowText": true,
    "Shadow": true,
    "Shadow-NoCut": false,
    "Shadow-Strength": 8,
    "Shadow-Color": "Background",
    "Shadow-Red": 0,
    "Shadow-Green": 111,
    "Shadow-Blue": 255,
    "SpecialRainbowIndex": 100,
    "BRainbowSpeed": 90,
    "BRainbow-R": 0,
    "BRainbow-B": 50,
    "BRainbow-G": 50,
    "Mixer-Seconds": 2,
    "Mixer-Distance": 20,
    "Red": 0,
    "Green": 111,
    "Blue": 255,
    "Alpha": 255,
    "Saturation": 0.9,
    "Brightness": 1.0,
    "HorizontalAnimation": "Astolfo",
    "VerticalAnimation": "LiquidSense",
    "Animation-Speed": 0.50069565,
    "NameBreak": true,
    "Alphabetical-Order": false,
    "Tags": true,
    "TagsStyle": "-",
    "Background-R": 0,
    "Background-G": 0,
    "Background-B": 0,
    "Background-Alpha": 75,
    "Rect-Right": "None",
    "Rect-Left": "None",
    "Case": "None",
    "Space": 0.0,
    "TextHeight": 11.0,
    "TextY": 1.0,
    "TagsArrayColor": false,
    "AWTFontRenderer": {
      "fontName": "Roboto Medium",
      "fontSize": 40
    }
  }
]
