[
  {
    "Type": "Text",
    "X": 10.0,
    "Y": 10.0,
    "Scale": 1.0,
    "HorizontalFacing": "Left",
    "VerticalFacing": "Up"
  },
  {
    "Type": "Session Info",
    "X": 10.0,
    "Y": 29.0,
    "Scale": 1.0,
    "HorizontalFacing": "Left",
    "VerticalFacing": "Up"
  },
  {
    "Type": "KeyBinds",
    "X": 13.0,
    "Y": 130.0,
    "Scale": 1.0,
    "HorizontalFacing": "Left",
    "VerticalFacing": "Up"
  },
  {
    "Type": "Arraylist",
    "X": 17.0,
    "Y": 15.0,
    "Scale": 1.0,
    "HorizontalFacing": "Right",
    "VerticalFacing": "Up",
    "Color": "Mixer",
    "ShadowText": true,
    "Shadow": true,
    "Shadow-NoCut": false,
    "Shadow-Strength": 8,
    "Shadow-Color": "Background",
    "Shadow-Red": 0,
    "Shadow-Green": 111,
    "Shadow-Blue": 255,
    "SpecialRainbowIndex": 100,
    "BRainbowSpeed": 90,
    "BRainbow-R": 0,
    "BRainbow-B": 50,
    "BRainbow-G": 50,
    "Mixer-Seconds": 2,
    "Mixer-Distance": 20,
    "Red": 0,
    "Green": 111,
    "Blue": 255,
    "Alpha": 255,
    "Saturation": 0.9,
    "Brightness": 1.0,
    "HorizontalAnimation": "Astolfo",
    "VerticalAnimation": "LiquidSense",
    "Animation-Speed": 0.50069565,
    "NameBreak": true,
    "Alphabetical-Order": false,
    "Tags": true,
    "TagsStyle": "-",
    "Background-R": 0,
    "Background-G": 0,
    "Background-B": 0,
    "Background-Alpha": 104,
    "Rect-Right": "None",
    "Rect-Left": "None",
    "Case": "None",
    "Space": 0.0,
    "TextHeight": 11.0,
    "TextY": 2.6086955,
    "TagsArrayColor": false,
    "AWTFontRenderer": {
      "fontName": "Roboto Medium",
      "fontSize": 40
    }
  }
]
